"SampleID","ReferenceID","Anatomy","System","Frequency","FrequencyUnit","Gain","GainUnit","Power","PowerUnit","DynamicRange","DynamicRangeUnit"
"1","kidney_esaote","Kidney","Esaote","Ris-M","proprietary_label","25","%","25","%","14","proprietary_label"
"2","kidney_esaote","Kidney","Esaote","Gen-B","proprietary_label","25","%","25","%","14","proprietary_label"
"3","kidney_esaote","Kidney","Esaote","Ris-B","proprietary_label","25","%","25","%","14","proprietary_label"
"4","kidney_esaote","Kidney","Esaote","Ris-M","proprietary_label","75","%","25","%","14","proprietary_label"
"5","kidney_esaote","Kidney","Esaote","Gen-B","proprietary_label","75","%","25","%","14","proprietary_label"
"6","kidney_esaote","Kidney","Esaote","Ris-B","proprietary_label","75","%","75","%","14","proprietary_label"
"7","kidney_esaote","Kidney","Esaote","Gen-B","proprietary_label","75","%","75","%","14","proprietary_label"
"8","kidney_esaote","Kidney","Esaote","Ris-M","proprietary_label","75","%","75","%","14","proprietary_label"
"9","kidney_esaote","Kidney","Esaote","Ris-B","proprietary_label","25","%","75","%","14","proprietary_label"
"10","kidney_esaote","Kidney","Esaote","Gen-B","proprietary_label","25","%","75","%","14","proprietary_label"
"11","kidney_esaote","Kidney","Esaote","Ris-M","proprietary_label","25","%","75","%","14","proprietary_label"
"12","kidney_esaote","Kidney","Esaote","Ris-B","proprietary_label","75","%","25","%","14","proprietary_label"
"13","kidney_esaote","Kidney","Esaote","Gen-B","proprietary_label","75","%","25","%","16","proprietary_label"
"14","kidney_esaote","Kidney","Esaote","Ris-M","proprietary_label","75","%","25","%","16","proprietary_label"
"15","kidney_esaote","Kidney","Esaote","Ris-B","proprietary_label","25","%","25","%","16","proprietary_label"
"16","kidney_esaote","Kidney","Esaote","Gen-B","proprietary_label","25","%","25","%","16","proprietary_label"
"17","kidney_esaote","Kidney","Esaote","Ris-M","proprietary_label","25","%","25","%","16","proprietary_label"
"18","kidney_esaote","Kidney","Esaote","Ris-B","proprietary_label","75","%","75","%","16","proprietary_label"
"19","kidney_esaote","Kidney","Esaote","Gen-B","proprietary_label","75","%","75","%","16","proprietary_label"
"20","kidney_esaote","Kidney","Esaote","Ris-M","proprietary_label","75","%","75","%","16","proprietary_label"
"21","kidney_esaote","Kidney","Esaote","Ris-B","proprietary_label","25","%","75","%","16","proprietary_label"
"22","kidney_esaote","Kidney","Esaote","Gen-B","proprietary_label","25","%","75","%","16","proprietary_label"
"23","kidney_esaote","Kidney","Esaote","Ris-M","proprietary_label","25","%","75","%","16","proprietary_label"
"24","kidney_esaote","Kidney","Esaote","Ris-B","proprietary_label","75","%","25","%","16","proprietary_label"
"25","kidney_esaote","Kidney","Esaote","Gen-B","proprietary_label","75","%","25","%","18","proprietary_label"
"26","kidney_esaote","Kidney","Esaote","Ris-M","proprietary_label","75","%","25","%","18","proprietary_label"
"27","kidney_esaote","Kidney","Esaote","Ris-B","proprietary_label","25","%","25","%","18","proprietary_label"
"28","kidney_esaote","Kidney","Esaote","Gen-B","proprietary_label","25","%","25","%","18","proprietary_label"
"29","kidney_esaote","Kidney","Esaote","Ris-M","proprietary_label","25","%","25","%","18","proprietary_label"
"30","kidney_esaote","Kidney","Esaote","Ris-B","proprietary_label","75","%","75","%","18","proprietary_label"
"31","kidney_esaote","Kidney","Esaote","Gen-B","proprietary_label","75","%","75","%","18","proprietary_label"
"32","kidney_esaote","Kidney","Esaote","Ris-M","proprietary_label","75","%","75","%","18","proprietary_label"
"33","kidney_esaote","Kidney","Esaote","Ris-B","proprietary_label","25","%","75","%","18","proprietary_label"
"34","kidney_esaote","Kidney","Esaote","Gen-B","proprietary_label","25","%","75","%","18","proprietary_label"
"35","kidney_esaote","Kidney","Esaote","Ris-M","proprietary_label","25","%","75","%","18","proprietary_label"
"36","kidney_esaote","Kidney","Esaote","Ris-B","proprietary_label","75","%","25","%","18","proprietary_label"
"37","kidney_esaote","Kidney","Esaote","Gen-B","proprietary_label","75","%","25","%","20","proprietary_label"
"38","kidney_esaote","Kidney","Esaote","Ris-M","proprietary_label","75","%","25","%","20","proprietary_label"
"39","kidney_esaote","Kidney","Esaote","Ris-B","proprietary_label","25","%","25","%","20","proprietary_label"
"40","kidney_esaote","Kidney","Esaote","Gen-B","proprietary_label","25","%","25","%","20","proprietary_label"
"41","kidney_esaote","Kidney","Esaote","Ris-M","proprietary_label","25","%","25","%","20","proprietary_label"
"42","kidney_esaote","Kidney","Esaote","Ris-B","proprietary_label","75","%","75","%","20","proprietary_label"
"43","kidney_esaote","Kidney","Esaote","Gen-B","proprietary_label","75","%","75","%","20","proprietary_label"
"44","kidney_esaote","Kidney","Esaote","Ris-M","proprietary_label","75","%","75","%","20","proprietary_label"
"45","kidney_esaote","Kidney","Esaote","Ris-B","proprietary_label","25","%","75","%","20","proprietary_label"
"46","kidney_esaote","Kidney","Esaote","Gen-B","proprietary_label","25","%","75","%","20","proprietary_label"
"47","kidney_esaote","Kidney","Esaote","Ris-M","proprietary_label","25","%","75","%","20","proprietary_label"
"48","kidney_esaote","Kidney","Esaote","Ris-B","proprietary_label","75","%","25","%","20","proprietary_label"
"49","kidney_telemed","Kidney","Telemed","8","MHz","75","%","-5","dB","90","dB"
"50","kidney_telemed","Kidney","Telemed","6","MHz","75","%","-5","dB","90","dB"
"51","kidney_telemed","Kidney","Telemed","10","MHz","75","%","-5","dB","90","dB"
"52","kidney_telemed","Kidney","Telemed","8","MHz","25","%","-5","dB","90","dB"
"53","kidney_telemed","Kidney","Telemed","6","MHz","25","%","-5","dB","90","dB"
"54","kidney_telemed","Kidney","Telemed","10","MHz","25","%","-5","dB","90","dB"
"55","kidney_telemed","Kidney","Telemed","8","MHz","75","%","-15","dB","90","dB"
"56","kidney_telemed","Kidney","Telemed","6","MHz","75","%","-15","dB","90","dB"
"57","kidney_telemed","Kidney","Telemed","10","MHz","75","%","-15","dB","90","dB"
"58","kidney_telemed","Kidney","Telemed","8","MHz","25","%","-15","dB","90","dB"
"59","kidney_telemed","Kidney","Telemed","6","MHz","25","%","-15","dB","90","dB"
"60","kidney_telemed","Kidney","Telemed","10","MHz","25","%","-15","dB","90","dB"
"61","kidney_telemed","Kidney","Telemed","8","MHz","75","%","-5","dB","84","dB"
"62","kidney_telemed","Kidney","Telemed","6","MHz","75","%","-5","dB","84","dB"
"63","kidney_telemed","Kidney","Telemed","10","MHz","75","%","-5","dB","84","dB"
"64","kidney_telemed","Kidney","Telemed","8","MHz","25","%","-5","dB","84","dB"
"65","kidney_telemed","Kidney","Telemed","6","MHz","25","%","-5","dB","84","dB"
"66","kidney_telemed","Kidney","Telemed","10","MHz","25","%","-5","dB","84","dB"
"67","kidney_telemed","Kidney","Telemed","8","MHz","75","%","-15","dB","84","dB"
"68","kidney_telemed","Kidney","Telemed","6","MHz","75","%","-15","dB","84","dB"
"69","kidney_telemed","Kidney","Telemed","10","MHz","75","%","-15","dB","84","dB"
"70","kidney_telemed","Kidney","Telemed","8","MHz","25","%","-15","dB","84","dB"
"71","kidney_telemed","Kidney","Telemed","6","MHz","25","%","-15","dB","84","dB"
"72","kidney_telemed","Kidney","Telemed","10","MHz","25","%","-15","dB","84","dB"
"73","kidney_telemed","Kidney","Telemed","8","MHz","75","%","-5","dB","96","dB"
"74","kidney_telemed","Kidney","Telemed","6","MHz","75","%","-5","dB","96","dB"
"75","kidney_telemed","Kidney","Telemed","10","MHz","75","%","-5","dB","96","dB"
"76","kidney_telemed","Kidney","Telemed","8","MHz","25","%","-5","dB","96","dB"
"77","kidney_telemed","Kidney","Telemed","6","MHz","25","%","-5","dB","96","dB"
"78","kidney_telemed","Kidney","Telemed","10","MHz","25","%","-5","dB","96","dB"
"79","kidney_telemed","Kidney","Telemed","8","MHz","75","%","-15","dB","96","dB"
"80","kidney_telemed","Kidney","Telemed","6","MHz","75","%","-15","dB","96","dB"
"81","kidney_telemed","Kidney","Telemed","10","MHz","75","%","-15","dB","96","dB"
"82","kidney_telemed","Kidney","Telemed","8","MHz","25","%","-15","dB","96","dB"
"83","kidney_telemed","Kidney","Telemed","6","MHz","25","%","-15","dB","96","dB"
"84","kidney_telemed","Kidney","Telemed","10","MHz","25","%","-15","dB","96","dB"
"85","kidney_telemed","Kidney","Telemed","8","MHz","75","%","-5","dB","102","dB"
"86","kidney_telemed","Kidney","Telemed","6","MHz","75","%","-5","dB","102","dB"
"87","kidney_telemed","Kidney","Telemed","10","MHz","75","%","-5","dB","102","dB"
"88","kidney_telemed","Kidney","Telemed","8","MHz","25","%","-5","dB","102","dB"
"89","kidney_telemed","Kidney","Telemed","6","MHz","25","%","-5","dB","102","dB"
"90","kidney_telemed","Kidney","Telemed","10","MHz","25","%","-5","dB","102","dB"
"91","kidney_telemed","Kidney","Telemed","8","MHz","75","%","-15","dB","102","dB"
"92","kidney_telemed","Kidney","Telemed","6","MHz","75","%","-15","dB","102","dB"
"93","kidney_telemed","Kidney","Telemed","10","MHz","75","%","-15","dB","102","dB"
"94","kidney_telemed","Kidney","Telemed","8","MHz","25","%","-15","dB","102","dB"
"95","kidney_telemed","Kidney","Telemed","6","MHz","25","%","-15","dB","102","dB"
"96","kidney_telemed","Kidney","Telemed","10","MHz","25","%","-15","dB","102","dB"
"97","thigh_esaote","Thigh","Esaote","Ris-B","proprietary_label","75","%","75","%","14","proprietary_label"
"98","thigh_esaote","Thigh","Esaote","Gen-B","proprietary_label","75","%","75","%","14","proprietary_label"
"99","thigh_esaote","Thigh","Esaote","Ris-M","proprietary_label","75","%","75","%","14","proprietary_label"
"100","thigh_esaote","Thigh","Esaote","Ris-B","proprietary_label","25","%","75","%","14","proprietary_label"
"101","thigh_esaote","Thigh","Esaote","Gen-B","proprietary_label","25","%","75","%","14","proprietary_label"
"102","thigh_esaote","Thigh","Esaote","Ris-M","proprietary_label","25","%","75","%","14","proprietary_label"
"103","thigh_esaote","Thigh","Esaote","Ris-B","proprietary_label","75","%","25","%","14","proprietary_label"
"104","thigh_esaote","Thigh","Esaote","Gen-B","proprietary_label","75","%","25","%","14","proprietary_label"
"105","thigh_esaote","Thigh","Esaote","Ris-M","proprietary_label","75","%","25","%","14","proprietary_label"
"106","thigh_esaote","Thigh","Esaote","Ris-B","proprietary_label","25","%","25","%","14","proprietary_label"
"107","thigh_esaote","Thigh","Esaote","Gen-B","proprietary_label","25","%","25","%","14","proprietary_label"
"108","thigh_esaote","Thigh","Esaote","Ris-M","proprietary_label","25","%","25","%","14","proprietary_label"
"109","thigh_esaote","Thigh","Esaote","Ris-B","proprietary_label","75","%","75","%","16","proprietary_label"
"110","thigh_esaote","Thigh","Esaote","Gen-B","proprietary_label","75","%","75","%","16","proprietary_label"
"111","thigh_esaote","Thigh","Esaote","Ris-M","proprietary_label","75","%","75","%","16","proprietary_label"
"112","thigh_esaote","Thigh","Esaote","Ris-B","proprietary_label","25","%","75","%","16","proprietary_label"
"113","thigh_esaote","Thigh","Esaote","Gen-B","proprietary_label","25","%","75","%","16","proprietary_label"
"114","thigh_esaote","Thigh","Esaote","Ris-M","proprietary_label","25","%","75","%","16","proprietary_label"
"115","thigh_esaote","Thigh","Esaote","Ris-B","proprietary_label","75","%","25","%","16","proprietary_label"
"116","thigh_esaote","Thigh","Esaote","Gen-B","proprietary_label","75","%","25","%","16","proprietary_label"
"117","thigh_esaote","Thigh","Esaote","Ris-M","proprietary_label","75","%","25","%","16","proprietary_label"
"118","thigh_esaote","Thigh","Esaote","Ris-B","proprietary_label","25","%","25","%","16","proprietary_label"
"119","thigh_esaote","Thigh","Esaote","Gen-B","proprietary_label","25","%","25","%","16","proprietary_label"
"120","thigh_esaote","Thigh","Esaote","Ris-M","proprietary_label","25","%","25","%","16","proprietary_label"
"121","thigh_esaote","Thigh","Esaote","Ris-B","proprietary_label","75","%","75","%","18","proprietary_label"
"122","thigh_esaote","Thigh","Esaote","Gen-B","proprietary_label","75","%","75","%","18","proprietary_label"
"123","thigh_esaote","Thigh","Esaote","Ris-M","proprietary_label","75","%","75","%","18","proprietary_label"
"124","thigh_esaote","Thigh","Esaote","Ris-B","proprietary_label","25","%","75","%","18","proprietary_label"
"125","thigh_esaote","Thigh","Esaote","Gen-B","proprietary_label","25","%","75","%","18","proprietary_label"
"126","thigh_esaote","Thigh","Esaote","Ris-M","proprietary_label","25","%","75","%","18","proprietary_label"
"127","thigh_esaote","Thigh","Esaote","Ris-B","proprietary_label","75","%","25","%","18","proprietary_label"
"128","thigh_esaote","Thigh","Esaote","Gen-B","proprietary_label","75","%","25","%","18","proprietary_label"
"129","thigh_esaote","Thigh","Esaote","Ris-M","proprietary_label","75","%","25","%","18","proprietary_label"
"130","thigh_esaote","Thigh","Esaote","Ris-M","proprietary_label","25","%","25","%","18","proprietary_label"
"131","thigh_esaote","Thigh","Esaote","Ris-B","proprietary_label","25","%","25","%","18","proprietary_label"
"132","thigh_esaote","Thigh","Esaote","Gen-B","proprietary_label","25","%","25","%","18","proprietary_label"
"133","thigh_esaote","Thigh","Esaote","Ris-B","proprietary_label","75","%","75","%","20","proprietary_label"
"134","thigh_esaote","Thigh","Esaote","Gen-B","proprietary_label","75","%","75","%","20","proprietary_label"
"135","thigh_esaote","Thigh","Esaote","Ris-M","proprietary_label","75","%","75","%","20","proprietary_label"
"136","thigh_esaote","Thigh","Esaote","Ris-B","proprietary_label","25","%","75","%","20","proprietary_label"
"137","thigh_esaote","Thigh","Esaote","Gen-B","proprietary_label","25","%","75","%","20","proprietary_label"
"138","thigh_esaote","Thigh","Esaote","Ris-M","proprietary_label","25","%","75","%","20","proprietary_label"
"139","thigh_esaote","Thigh","Esaote","Ris-B","proprietary_label","75","%","25","%","20","proprietary_label"
"140","thigh_esaote","Thigh","Esaote","Gen-B","proprietary_label","75","%","25","%","20","proprietary_label"
"141","thigh_esaote","Thigh","Esaote","Ris-M","proprietary_label","75","%","25","%","20","proprietary_label"
"142","thigh_esaote","Thigh","Esaote","Ris-B","proprietary_label","25","%","25","%","20","proprietary_label"
"143","thigh_esaote","Thigh","Esaote","Gen-B","proprietary_label","25","%","25","%","20","proprietary_label"
"144","thigh_esaote","Thigh","Esaote","Ris-M","proprietary_label","25","%","25","%","20","proprietary_label"
"145","thigh_telemed","Thigh","Telemed","8","MHz","75","%","-5","dB","90","dB"
"146","thigh_telemed","Thigh","Telemed","6","MHz","75","%","-5","dB","90","dB"
"147","thigh_telemed","Thigh","Telemed","10","MHz","75","%","-5","dB","90","dB"
"148","thigh_telemed","Thigh","Telemed","8","MHz","25","%","-5","dB","90","dB"
"149","thigh_telemed","Thigh","Telemed","6","MHz","25","%","-5","dB","90","dB"
"150","thigh_telemed","Thigh","Telemed","10","MHz","25","%","-5","dB","90","dB"
"151","thigh_telemed","Thigh","Telemed","8","MHz","75","%","-15","dB","90","dB"
"152","thigh_telemed","Thigh","Telemed","6","MHz","75","%","-15","dB","90","dB"
"153","thigh_telemed","Thigh","Telemed","10","MHz","75","%","-15","dB","90","dB"
"154","thigh_telemed","Thigh","Telemed","8","MHz","25","%","-15","dB","90","dB"
"155","thigh_telemed","Thigh","Telemed","6","MHz","25","%","-15","dB","90","dB"
"156","thigh_telemed","Thigh","Telemed","10","MHz","25","%","-15","dB","90","dB"
"157","thigh_telemed","Thigh","Telemed","8","MHz","75","%","-5","dB","84","dB"
"158","thigh_telemed","Thigh","Telemed","6","MHz","75","%","-5","dB","84","dB"
"159","thigh_telemed","Thigh","Telemed","10","MHz","75","%","-5","dB","84","dB"
"160","thigh_telemed","Thigh","Telemed","8","MHz","25","%","-5","dB","84","dB"
"161","thigh_telemed","Thigh","Telemed","6","MHz","25","%","-5","dB","84","dB"
"162","thigh_telemed","Thigh","Telemed","10","MHz","25","%","-5","dB","84","dB"
"163","thigh_telemed","Thigh","Telemed","8","MHz","75","%","-15","dB","84","dB"
"164","thigh_telemed","Thigh","Telemed","6","MHz","75","%","-15","dB","84","dB"
"165","thigh_telemed","Thigh","Telemed","10","MHz","75","%","-15","dB","84","dB"
"166","thigh_telemed","Thigh","Telemed","8","MHz","25","%","-15","dB","84","dB"
"167","thigh_telemed","Thigh","Telemed","6","MHz","25","%","-15","dB","84","dB"
"168","thigh_telemed","Thigh","Telemed","10","MHz","25","%","-15","dB","84","dB"
"169","thigh_telemed","Thigh","Telemed","8","MHz","75","%","-5","dB","96","dB"
"170","thigh_telemed","Thigh","Telemed","6","MHz","75","%","-5","dB","96","dB"
"171","thigh_telemed","Thigh","Telemed","10","MHz","75","%","-5","dB","96","dB"
"172","thigh_telemed","Thigh","Telemed","8","MHz","25","%","-5","dB","96","dB"
"173","thigh_telemed","Thigh","Telemed","6","MHz","25","%","-5","dB","96","dB"
"174","thigh_telemed","Thigh","Telemed","10","MHz","25","%","-5","dB","96","dB"
"175","thigh_telemed","Thigh","Telemed","8","MHz","75","%","-15","dB","96","dB"
"176","thigh_telemed","Thigh","Telemed","6","MHz","75","%","-15","dB","96","dB"
"177","thigh_telemed","Thigh","Telemed","10","MHz","75","%","-15","dB","96","dB"
"178","thigh_telemed","Thigh","Telemed","8","MHz","25","%","-15","dB","96","dB"
"179","thigh_telemed","Thigh","Telemed","6","MHz","25","%","-15","dB","96","dB"
"180","thigh_telemed","Thigh","Telemed","10","MHz","25","%","-15","dB","96","dB"
"181","thigh_telemed","Thigh","Telemed","8","MHz","75","%","-5","dB","102","dB"
"182","thigh_telemed","Thigh","Telemed","6","MHz","75","%","-5","dB","102","dB"
"183","thigh_telemed","Thigh","Telemed","10","MHz","75","%","-5","dB","102","dB"
"184","thigh_telemed","Thigh","Telemed","8","MHz","25","%","-5","dB","102","dB"
"185","thigh_telemed","Thigh","Telemed","6","MHz","25","%","-5","dB","102","dB"
"186","thigh_telemed","Thigh","Telemed","10","MHz","25","%","-5","dB","102","dB"
"187","thigh_telemed","Thigh","Telemed","8","MHz","75","%","-15","dB","102","dB"
"188","thigh_telemed","Thigh","Telemed","6","MHz","75","%","-15","dB","102","dB"
"189","thigh_telemed","Thigh","Telemed","10","MHz","75","%","-15","dB","102","dB"
"190","thigh_telemed","Thigh","Telemed","8","MHz","25","%","-15","dB","102","dB"
"191","thigh_telemed","Thigh","Telemed","6","MHz","25","%","-15","dB","102","dB"
"192","thigh_telemed","Thigh","Telemed","10","MHz","25","%","-15","dB","102","dB"
